{"format_version":"1.8.0","animations":{"animation.hive.hub.parkour.lava.idle":{"loop":true,"animation_length":3.72,"bones":{"ripple":{"scale":{"0.0":[0.7,0.7,1],"0.4":[1.13152,1.13152,1],"0.84":[1.36167,1.36167,1],"1.36":[1.47833,1.47833,1],"1.88":[1.61833,1.61833,1],"2.4":[1.7,1.7,1]}},"tl":{"scale":{"0.0":[1,1,1],"0.4":[0.92212,1,1],"0.84":[0.80583,1,1],"1.36":[0.31667,1,1],"1.88":[0.11667,1,1],"2.4":[0,1,1]}},"tr":{"scale":{"0.0":[1,1,1],"0.4":[0.92212,1,1],"0.84":[0.80583,1,1],"1.36":[0.31667,1,1],"1.88":[0.11667,1,1],"2.4":[0,1,1]}},"bl":{"scale":{"0.0":[1,1,1],"0.4":[0.92212,1,1],"0.84":[0.80583,1,1],"1.36":[0.31667,1,1],"1.88":[0.11667,1,1],"2.4":[0,1,1]}},"br":{"scale":{"0.0":[1,1,1],"0.4":[0.92212,1,1],"0.84":[0.80583,1,1],"1.36":[0.31667,1,1],"1.88":[0.11667,1,1],"2.4":[0,1,1]}},"flag":{"position":[0,0,0],"scale":[0.9,0.9,1]},"ripple2":{"scale":{"1.32":[0.7,0.7,1],"1.72":[1.13152,1.13152,1],"2.16":[1.36167,1.36167,1],"2.68":[1.47833,1.47833,1],"3.2":[1.61833,1.61833,1],"3.72":[1.7,1.7,1]}},"tl2":{"scale":{"1.32":[1,1,1],"1.72":[0.92212,1,1],"2.16":[0.80583,1,1],"2.68":[0.31667,1,1],"3.2":[0.11667,1,1],"3.72":[0,1,1]}},"tr2":{"scale":{"1.32":[1,1,1],"1.72":[0.92212,1,1],"2.16":[0.80583,1,1],"2.68":[0.31667,1,1],"3.2":[0.11667,1,1],"3.72":[0,1,1]}},"bl2":{"scale":{"1.32":[1,1,1],"1.72":[0.92212,1,1],"2.16":[0.80583,1,1],"2.68":[0.31667,1,1],"3.2":[0.11667,1,1],"3.72":[0,1,1]}},"br2":{"scale":{"1.32":[1,1,1],"1.72":[0.92212,1,1],"2.16":[0.80583,1,1],"2.68":[0.31667,1,1],"3.2":[0.11667,1,1],"3.72":[0,1,1]}},"lavaGeyser":{"position":[0,"((variable.block_height - 1) * 16) * q.camera_distance_range_lerp(32, 16)",0]},"platform":{"rotation":["math.cos(query.life_time * 2000) * 0.5","math.cos(query.life_time * 1787) * 0.5","math.cos(query.life_time * 1974) * 0.5"]}}}}}