{"format_version":"1.8.0","animations":{"animation.hive.hub.parkour.portal_lock.idle":{"loop":true,"bones":{"lockGroup":{"position":[0,"math.cos(query.anim_time * 90) * 0.5 ",0]},"chainRight":{"rotation":[0,0,"-math.cos(query.anim_time * 90) * 1"]},"chainRight2":{"rotation":[0,0,"-math.cos(query.anim_time * 90) * 1"]},"chainLeft":{"rotation":[0,0,"math.cos(query.anim_time * 90) * 1"]},"chainLeft2":{"rotation":[0,0,"math.cos(query.anim_time * 90) * 1"]}}},"animation.hive.hub.parkour.portal_lock.unlock_1":{"loop":"hold_on_last_frame","animation_length":2.84,"bones":{"lockGroup":{"position":{"1.36":[0,0,0],"1.44":[0,2.065,0],"1.68":[0,3.325,0],"1.96":[0,3.965,0],"2.36":[0,4,0],"2.48":[0,3.445,0],"2.6":[0,2.245,0],"2.72":[0,0,0]}},"chainRight":{"rotation":{"0.0":[0,0,0],"0.2":[0,0,7.86],"0.36":[0,0,9.52],"0.56":[0,0,10],"1.12":[0,0,10],"1.24":[0,0,14],"1.32":[0,0,8.3281],"1.44":[0,0,-20]},"position":{"0.0":[0,0,0],"0.2":[-0.59,-3.73,0],"0.36":[-0.71,-4.52,0],"0.56":[-0.75,-4.75,0],"1.12":[-0.75,-4.75,0],"1.24":[-0.67,-6.77,0],"1.32":[-0.62111,-3.9541,0],"1.44":[7,0,0]},"scale":{"1.36":[1,1,1],"1.4":[0.75,0.75,1],"1.44":[0,0,1]}},"chainRight2":{"rotation":{"0.0":[0,0,0],"0.2":[0,0,7.86],"0.36":[0,0,9.52],"0.56":[0,0,10],"1.12":[0,0,10],"1.24":[0,0,16.5],"1.32":[0,0,8.3281],"1.4":[0,0,-20]},"position":{"0.0":[0,0,0],"0.2":[-0.59,-3.73,0],"0.36":[-0.71,-4.52,0],"0.56":[-0.75,-4.75,0],"1.12":[-0.75,-4.75,0],"1.24":[-0.67,-7.27,0],"1.32":[-0.62111,-3.9541,0],"1.4":[7,14,0]},"scale":{"1.32":[1,1,1],"1.36":[0.75,0.75,1],"1.4":[0,0,1]}},"chainLeft":{"rotation":{"0.0":[0,0,0],"0.2":[0,0,-7.86],"0.36":[0,0,-9.52],"0.56":[0,0,-10],"1.12":[0,0,-10],"1.24":[0,0,-14],"1.32":[0,0,-8.3281],"1.48":[0,0,20]},"position":{"0.0":[0,0,0],"0.2":[0.59,-3.73,0],"0.36":[0.71,-4.52,0],"0.56":[0.75,-4.75,0],"1.12":[0.75,-4.75,0],"1.24":[0.67,-6.77,0],"1.32":[0.62111,-3.9541,0],"1.48":[-7,1,0]},"scale":{"1.36":[1,1,1],"1.4":[0.75,0.75,1],"1.48":[0,0,1]}},"chainLeft2":{"rotation":{"0.0":[0,0,0],"0.2":[0,0,-7.86],"0.36":[0,0,-9.52],"0.56":[0,0,-10],"1.12":[0,0,-10],"1.24":[0,0,-16.5],"1.32":[0,0,-8.3281],"1.4":[0,0,20]},"position":{"0.0":[0,0,0],"0.2":[-0.59,-3.73,0],"0.36":[-0.71,-4.52,0],"0.56":[-0.75,-4.75,0],"1.12":[-0.75,-4.75,0],"1.24":[-0.67,-7.27,0],"1.32":[-0.62111,-3.9541,0],"1.4":[-7,14,0]},"scale":{"1.32":[1,1,1],"1.36":[0.75,0.75,1],"1.4":[0,0,1]}},"lock":{"rotation":{"0.0":[0,0,0],"0.08":[0,0,0],"0.36":[1.12,0,0],"0.56":[1.5,0,0],"1.2":[1.5,0,0],"1.36":[-1.25,0,0],"1.6":[-0.4,0,210.4],"1.76":[-0.23,0,275.41],"1.92":[-0.19,0,307.48],"2.2":[-0.12,0,336.81],"2.32":[-0.1,0,345.19],"2.6":[-0.05,0,357.69],"2.72":[-0.03,0,361.16]},"position":{"0.0":[0,0,0],"0.2":[0,-4,0],"0.36":[0,-4.8,0],"0.56":[0,-5.075,0],"1.12":[0,-5.14,0],"1.24":[0,-10.33,0],"1.32":[0,-4.13,0],"1.36":[0,4.97,0],"1.4":[0,7.29,0],"1.84":[0,8.84,0],"2.0":[0,8.94,0],"2.12":[0,9.05,0],"2.24":[0,8.07,0],"2.32":[0,6.11,0],"2.48":[0,-4.07,0],"2.6":[0,-17.64,0],"2.72":[0,-38,0]},"scale":{"1.36":[1,1,1],"1.48":[0.6185,0.6185,0.6185],"1.76":[0.5263,0.5263,0.5263],"2.0":[0.5,0.5,0.5],"2.24":[0.5,0.5,0.5],"2.48":[0.3667,0.3667,0.3933],"2.72":[0,0,0.1]}}}},"animation.hive.hub.parkour.portal_lock.unlock_2":{"loop":"hold_on_last_frame","animation_length":2.84,"bones":{"chainRight":{"rotation":{"0.0":[0,0,0],"1.08":[0,0,"-((math.cos((query.anim_time + 4.1) * 3000) * 0.5))"],"1.6":[0,0,0]},"position":{"0.0":[0,0,0],"1.08":[0,"math.cos(query.anim_time * 3000) * 0.2",0],"1.6":[0,0,0]}},"chainRight2":{"rotation":{"0.0":[0,0,0],"1.08":[0,0,"((math.cos((query.anim_time + 4.3) * 3000) * 0.5))"],"1.6":[0,0,0]},"position":{"0.0":[0,0,0],"1.08":[0,"-math.cos(query.anim_time * 3000) * 0.2",0],"1.6":[0,0,0]}},"chainLeft":{"rotation":{"0.0":[0,0,0],"1.08":[0,0,"((math.cos((query.anim_time + 4.1) * 3000) * 0.5))"],"1.6":[0,0,0]},"position":{"0.0":[0,0,0],"1.08":[0,"math.cos(query.anim_time * 3000) * 0.2",0],"1.6":[0,0,0]}},"chainLeft2":{"rotation":{"0.0":[0,0,0],"1.08":[0,0,"-((math.cos((query.anim_time + 4.3) * 3000) * 0.5))"],"1.6":[0,0,0]},"position":{"0.0":[0,0,0],"1.08":[0,"-math.cos(query.anim_time * 3000) * 0.2",0],"1.6":[0,0,0]}},"lock":{"rotation":{"0.0":[0,0,0],"1.08":[0,0,"((math.cos((query.anim_time + 4.1) * 3000) * 0.5))"],"1.48":[0,0,"((math.cos((query.anim_time + 4.1) * 3000) * 5))"],"1.6":[0,0,0]},"position":{"0.0":[0,0,0],"1.08":[0,"math.cos(query.anim_time * 3000) * 0.2",0],"1.6":[0,0,0]}}}},"animation.hive.hub.parkour.portal_lock.unlocked":{"loop":true,"bones":{"root":{"scale":0}}}}}