{"format_version":"1.8.0","animations":{"animation.hive.hub.bedwars.challenge.board.idle":{"loop":true,"bones":{"waist":{"position":[0,"math.cos(query.anim_time * 120) * 0.15 - 0.15",-0.1]},"head":{"rotation":["((math.cos((query.anim_time + 0.87) * 120) * 1.5))",0,0],"position":[0,"((math.cos((query.anim_time + 0.47) * 120) * 0.05))",0]},"rightArm":{"rotation":["((math.cos((query.anim_time + 0.77) * 120) * 1)) + 1",0,"-((math.cos((query.anim_time + 0.77) * 120) * 1)) + 1"],"position":[0,"((math.cos((query.anim_time + 0.57) * 120) * 0.075))",0]},"leftArm":{"rotation":["((math.cos((query.anim_time + 0.77) * 120) * 1)) + 1",0,"((math.cos((query.anim_time + 0.77) * 120) * 1)) + 1"],"position":[0,"((math.cos((query.anim_time + 0.57) * 120) * 0.075))",0]},"rope":{"rotation":["math.cos(query.anim_time * 80) * 3",0,0]},"rope2":{"rotation":["math.cos(query.anim_time * 88) * 3",0,0]}}},"animation.hive.hub.bedwars.challenge.board.idle.head":{"loop":true,"animation_length":12,"bones":{"waist":{"rotation":{"0.04":[0,0,0],"0.12":[0,-0.29225,0],"0.2":[0,-0.3885,0],"0.28":[0,-0.4375,0],"1.52":[0,-0.4375,0],"1.6":[0.29225,-0.14525,0],"1.68":[0.3885,-0.049,0],"1.8":[0.4375,0,0],"3.56":[0.4375,0,0],"3.64":[0.65625,0.42175,0.22225],"3.72":[0.728,0.56175,0.2975],"3.8":[0.76433,0.6326,0.33468],"4.16":[0.76475,0.63175,0.33425],"4.24":[0.81725,0.63875,0.24675],"4.32":[0.83475,0.6405,0.217],"4.4":[0.84393,0.6417,0.20311],"6.24":[0.8435,0.64225,0.203],"6.32":[0.1225,0.05425,-0.021],"6.4":[-0.16825,-0.26175,-0.189],"6.52":[-0.34912,-0.40867,-0.24437],"8.0":[-0.3485,-0.40875,-0.245],"8.08":[-0.3485,-0.30025,-0.252],"8.16":[-0.3485,-0.246,-0.2555],"8.28":[-0.34795,-0.19039,-0.25805],"10.28":[-0.3485,-0.19,-0.25725],"10.36":[-0.25725,-0.13475,-0.11025],"10.44":[-0.154,-0.0805,-0.0665],"10.6":[0,0,0]}},"head":{"rotation":{"0.0":[0,0,0],"0.08":[0,-0.835,0],"0.16":[0,-1.11,0],"0.24":[0,-1.25,0],"1.48":[0,-1.25,0],"1.56":[0.835,-0.415,0],"1.64":[1.11,-0.14,0],"1.76":[1.25,0,0],"3.52":[1.25,0,0],"3.6":[1.875,1.205,0.635],"3.68":[2.08,1.605,0.85],"3.76":[2.18381,1.80743,0.95623],"4.12":[2.185,1.805,0.955],"4.2":[2.335,1.825,0.705],"4.28":[2.385,1.83,0.62],"4.36":[2.41122,1.83342,0.58032],"6.24":[2.41,1.835,0.58],"6.32":[0.35,0.155,-0.06],"6.4":[-1.195,-1.105,-0.54],"6.52":[-1.71177,-1.52478,-0.69821],"7.96":[-1.71,-1.525,-0.7],"8.04":[-1.71,-1.215,-0.72],"8.12":[-1.71,-1.06,-0.73],"8.24":[-1.70842,-0.90111,-0.7373],"10.24":[-1.71,-0.9,-0.735],"10.32":[-0.735,-0.385,-0.315],"10.4":[-0.44,-0.23,-0.19],"10.56":[0,0,0]}}}},"animation.hive.hub.bedwars.challenge.board.pose":{"loop":"hold_on_last_frame","bones":{"NPC":{"rotation":[0,-45,0]},"rightLeg":{"rotation":[4.54554,5.41629,4.99668],"position":[0.25,0,0]},"leftLeg":{"rotation":[-1.10693,-12.45167,-2.37924],"position":[-0.15,0,0]},"waist":{"rotation":[-2.5,0,-2.5]},"head":{"rotation":[7.32177,24.78955,5.50636]},"rightArm":{"rotation":[7.26574,17.54139,-20.68361],"position":[1,-1,1.75]},"leftArm":{"rotation":[7.26574,-17.54139,20.68361],"position":[-0.5,-1,1]}}}}}