{"format_version":"1.8.0","animations":{"animation.hive.hub.bedwars.sign.spawn":{"loop":"hold_on_last_frame","animation_length":16.96,"bones":{"ropeTop":{"scale":{"0.0":[1,0,1],"4.68":[1,0,1],"4.96":[1,0.8,1],"5.28":[1,1,1]}},"ropeMid":{"scale":{"0.0":[1,0,1],"1.36":[1,0,1],"1.52":[1,0.7,1],"3.08":[1,0.7,1],"3.28":[1,1,1]}},"rope3":{"position":{"0.0":[0,34,0],"1.0":[0,34,0],"1.08":[0,33.5,0],"1.24":[0,32,0],"1.52":[0,24,0],"1.76":[0,24.67,0],"2.0":[0,24.34,0],"2.84":[0,24.34,0],"2.92":[0,24.05,0],"3.08":[0,22.55,0],"3.36":[0,12.325,0],"3.6":[0,13.795,0],"3.88":[0,12.465,0],"4.6":[0,12.46,0],"4.96":[0,12.34,0],"5.04":[0,12.05,0],"5.2":[0,10.55,0],"5.48":[0,0.025,0],"5.72":[0,1.12,0],"6.0":[0,0,0]}},"sign":{"rotation":{"1.08":[0,0,0],"1.72":[0,0,"math.cos(query.anim_time * 60) * 1"],"3.16":[0,0,"math.cos(query.anim_time * 60) * 1"],"3.44":["math.cos(query.anim_time * 55) * 1",0,"math.cos(query.anim_time * 75) * 2"],"5.32":["math.cos(query.anim_time * 55) * 2",0,"math.cos(query.anim_time * 78) * 2"],"5.72":["math.cos(query.anim_time * 55) * 2",0,"math.cos(query.anim_time * 78) * 3"],"15.56":[0,0,0]}},"hangingRope1":{"scale":{"1.16":[1,1,1],"1.6":[1,0.98479,1],"1.64":[1,1.00943,1],"1.72":[1,1.02173,1],"1.88":[1,0.99131,1],"2.12":[1,1,1],"2.4":[1,0.99131,1],"2.76":[1,1,1],"3.24":[1,1,1],"3.48":[1,0.98479,1],"3.52":[1,1.00943,1],"3.6":[1,1.02173,1],"3.76":[1,0.99131,1],"4.0":[1,1,1],"4.28":[1,0.99131,1],"4.64":[1,1,1],"5.48":[1,0.98479,1],"5.52":[1,1.00943,1],"5.6":[1,1.02173,1],"5.76":[1,0.98044,1],"6.0":[1,1,1],"6.28":[1,0.99131,1],"6.64":[1,1,1]}},"hangingRope3":{"scale":{"1.0":[1,1,1],"1.44":[1,0.95223,1],"1.48":[1,1.02962,1],"1.56":[1,1.06825,1],"1.72":[1,0.9727,1],"1.96":[1,1,1],"2.24":[1,0.9727,1],"2.6":[1,1,1],"3.12":[1,1,1],"3.36":[1,0.95223,1],"3.4":[1,1.02962,1],"3.48":[1,1.06825,1],"3.64":[1,0.9727,1],"3.88":[1,1,1],"4.16":[1,0.9727,1],"4.52":[1,1,1],"5.44":[1,0.95223,1],"5.48":[1,1.02962,1],"5.56":[1,1.06825,1],"5.72":[1,0.93858,1],"5.96":[1,1,1],"6.24":[1,0.9727,1],"6.6":[1,1,1]}},"hangingRope2":{"scale":{"1.08":[1,1,1],"1.52":[1,0.965,1],"1.56":[1,1.0217,1],"1.64":[1,1.05,1],"1.8":[1,0.98,1],"2.04":[1,1,1],"2.32":[1,0.98,1],"2.68":[1,1,1],"3.16":[1,1,1],"3.4":[1,0.965,1],"3.44":[1,1.0217,1],"3.52":[1,1.05,1],"3.68":[1,0.98,1],"3.92":[1,1,1],"4.2":[1,0.98,1],"4.56":[1,1,1],"5.48":[1,0.965,1],"5.52":[1,1.0217,1],"5.6":[1,1.05,1],"5.76":[1,0.955,1],"6.0":[1,1,1],"6.28":[1,0.98,1],"6.64":[1,1,1]}},"wheel":{"rotation":{"1.12":[0,0,0],"1.56":[0,0,1.125],"1.6":[0,0,0.045],"1.68":[0,0,-0.675],"1.88":[0,0,0.3375],"2.16":[0,0,0],"2.96":[0,0,0],"3.32":[0,0,1.875],"3.4":[0,0,0.075],"3.48":[0,0,-1.125],"3.72":[0,0,0.5625],"4.08":[0,0,0],"5.28":[0,0,0],"5.48":[0,0,3.37725],"5.56":[0,0,0.13509],"5.64":[0,0,-2.02635],"5.88":[0,0,1.01318],"6.24":[0,0,0]}},"wheel2":{"rotation":{"1.12":[0,0,0],"1.52":[0,0,-1.125],"1.56":[0,0,-0.045],"1.64":[0,0,0.675],"1.84":[0,0,-0.3375],"2.12":[0,0,0],"3.04":[0,0,0],"3.32":[0,0,-1.875],"3.4":[0,0,-0.075],"3.48":[0,0,1.125],"3.72":[0,0,-0.5625],"4.08":[0,0,0],"5.24":[0,0,0],"5.44":[0,0,-3.37725],"5.52":[0,0,-0.13509],"5.6":[0,0,2.02635],"5.84":[0,0,-1.01317],"6.2":[0,0,0]}},"rope":{"rotation":{"1.52":[0,0,0],"1.6":[0,0,-0.75],"1.76":[0,0,0],"3.36":[0,0,0],"3.44":[0,0,-0.6],"3.6":[0,0,0],"5.48":[0,0,0],"5.56":[0,0,-0.6],"5.72":[0,0,0]},"scale":{"1.52":[1,1,1],"1.6":[1,0.99,1],"1.76":[1,1,1],"3.36":[1,1,1],"3.44":[1,0.984,1],"3.6":[1,1,1],"5.48":[1,1,1],"5.56":[1,0.98,1],"5.72":[1,1,1]}},"rope2":{"rotation":{"1.52":[0,0,0],"1.6":[0,0,0.75],"1.76":[0,0,0],"3.36":[0,0,0],"3.44":[0,0,0.6],"3.6":[0,0,0],"5.48":[0,0,0],"5.56":[0,0,0.6],"5.72":[0,0,0]},"scale":{"1.52":[1,1,1],"1.6":[1,0.99,1],"1.76":[1,1,1],"3.36":[1,1,1],"3.44":[1,0.984,1],"3.6":[1,1,1],"5.48":[1,1,1],"5.56":[1,0.98,1],"5.72":[1,1,1]}},"anchor":{"rotation":{"1.52":[0,0,0],"1.6":[0,0,1.225],"1.76":[0,0,0],"3.36":[0,0,0],"3.44":[0,0,1.65375],"3.6":[0,0,0],"5.48":[0,0,0],"5.56":[0,0,1.65375],"5.72":[0,0,0]}},"anchor2":{"rotation":{"1.52":[0,0,0],"1.6":[0,0,-1.225],"1.76":[0,0,0],"3.36":[0,0,0],"3.44":[0,0,-1.65375],"3.6":[0,0,0],"5.48":[0,0,0],"5.56":[0,0,-1.65375],"5.72":[0,0,0]}},"lower":{"position":{"0.0":[0,7,0],"1.52":[0,7,0],"3.16":[0,4.1,0],"3.36":[0,3.96,0],"5.36":[0,0.22,0],"5.6":[0,0.06,0],"5.92":[0,0,0]}},"main":{"position":{"1.52":[0,0,0],"1.6":[0,-0.75888,0],"1.76":[0,0,0],"3.36":[0,0,0],"3.44":[0,-0.6071,0],"3.6":[0,0,0],"5.48":[0,0,0],"5.56":[0,-0.6071,0],"5.72":[0,0,0]}},"bedwars_text":{"scale":[0.95,0.95,1]}}},"animation.hive.hub.bedwars.sign.idle":{"loop":true,"bones":{"lower":{"rotation":[0,"-math.cos(query.anim_time * 20) * 1","-math.cos(query.anim_time * 45) * 0.5"]},"sign":{"rotation":[0,"-math.cos(query.anim_time * 20) * 1","-math.cos(query.anim_time * 45) * 0.5"]},"bedwars_text":{"scale":[0.95,0.95,1]}}}}}