{"format_version":"1.8.0","animations":{"animation.hive.hub.game.bed.solos.pose":{"loop":"hold_on_last_frame","bones":{"rightLeg":{"rotation":[-4.9935,17.45016,1.42593]},"leftLeg":{"rotation":[0,-20,0],"position":[0,0,1.25]},"head":{"rotation":[-2.58938,27.97887,6.35318],"position":[0.25,0.5,-1.25]},"rightArm":{"rotation":[-45,0,90],"position":[-3,-2,-1.5]},"leftArm":{"rotation":[0,7.5,12.5],"position":[0.275,-2,1.075],"scale":0.9},"coatTail":{"rotation":[0,-15,0],"position":[0,1,1]},"root":{"rotation":[0,-17.5,0],"position":[1.75,0,0],"scale":0.92}}},"animation.hive.hub.game.bed.solos.idle":{"loop":true,"bones":{"waist":{"position":[0,"math.cos(query.anim_time * 60) * 0.15 - 0.15",-0.1]},"rightArm":{"rotation":["-((math.cos((query.anim_time + 0.77) * 30) * 1))",0,"((math.cos((query.anim_time + 0.73) * 60) * 0.5))"],"position":[0,"((math.cos((query.anim_time + 0.57) * 60) * 0.075))",0]}}},"animation.hive.bedwars.npc.solos.play":{"loop":true,"animation_length":10.68,"bones":{"parrotbody":{"rotation":{"1.0":[0,0,0],"1.16":[0,0.5,0],"3.52":[0,0.5,0],"3.72":[0,-0.2,0],"5.76":[0,-0.2,0],"5.92":[-0.28748,-0.18159,0.37476],"7.56":[-0.287,-0.182,0.375],"7.72":[-0.28939,0.13757,0.25883],"9.92":[-0.289,0.138,0.259],"10.08":[0,0,0]}},"parrotHead":{"rotation":{"1.04":[0,0,0],"1.2":[0,5,0],"3.56":[0,5,0],"3.76":[0,-2,0],"5.8":[0,-2,0],"5.96":[-2.87482,-1.81594,3.74756],"7.6":[-2.87,-1.82,3.75],"7.76":[-2.89386,1.37565,2.58828],"9.96":[-2.89,1.38,2.59],"10.12":[0,0,0]}},"parrotTop":{"rotation":{"1.04":[0,0,0],"1.12":[0,0,-6.5],"1.32":[0,0,2],"1.44":[0,0,0.5],"1.56":[0,0,0],"3.56":[0,0,0],"3.76":[0,0,-3.25],"3.92":[0,0,2],"4.04":[0,0,0.5],"4.16":[0,0,0],"5.8":[0,0,0],"5.96":[0,0,-1.9175],"6.12":[0,0,1.18],"6.24":[0,0,0.295],"6.36":[0,0,0],"7.6":[0,0,0],"7.84":[0,0,-3.77],"8.04":[0,0,1.16],"8.16":[0,0,0.29],"8.28":[0,0,0],"9.96":[0,0,0],"10.12":[0,0,-1.5925],"10.28":[0,0,0.98],"10.4":[0,0,0.245],"10.52":[0,0,0]}},"rightEye":{"position":{"1.0":[0,0,0],"1.28":[0,0,0.075],"2.6":[0,0,0.08],"2.76":[0,0,0.03],"5.76":[0,0,0.03],"5.96":[0,0.1,0.03],"6.84":[0,0.1,0.03],"7.0":[0,0.1,0.105],"9.92":[0,0.1,0.11],"10.08":[0,0,0]},"scale":{"1.0":[1,1,1],"1.12":[1,0.535,1],"1.16":[1,0.2025,1.3475],"1.24":[1,1.0375,1],"1.28":[1,0.97,1],"1.36":[1,1,1],"5.76":[1,1,1],"5.84":[1,0.7592,1.1158],"5.96":[1,1.0375,1],"6.08":[1,1,1]}}}}}}