{"format_version":"1.8.0","animations":{"animation.hive.pets.baby_enderman.idle":{"loop":"hold_on_last_frame","animation_length":21.24,"bones":{"root":{"rotation":[0,0,"-math.cos(query.life_time * 30) * 4"],"position":["math.cos(query.life_time * 30) * 2",0,0],"scale":0.6},"rightLeg":{"rotation":[0,0,"math.cos(query.life_time * 60) * 4 +4"]},"leftLeg":{"rotation":[0,0,"-math.cos(query.life_time * 60) * 4 -4"]},"rightArm":{"rotation":[0,0,"math.cos(query.life_time * 60) * 4 +4"],"position":[0,"-math.cos(query.life_time * 124) * 0.1 -0.2 ",0]},"leftArm":{"rotation":[0,0,"-math.cos(query.life_time * 60) * 4 -4"],"position":[0,"-math.cos(query.life_time * 124) * 0.1 -0.2 ",0]},"head":{"rotation":[0,0,"math.cos(query.life_time * 60) * 2"]},"group":{"position":[0,"math.cos(query.life_time * 124) * 0.4",0]}}},"animation.hive.pets.baby_enderman.idle_look":{"loop":true,"animation_length":12.32,"bones":{"body":{"rotation":{"0.0":[0,0,0],"0.24":[0.75071,0.74929,0.03274],"2.24":[0.75,0.75,0.033],"2.36":[0.45,0.9,0.027],"2.48":[-0.3,1.275,0.009],"2.64":[-0.75,1.5,0],"5.32":[-0.75,1.5,0],"5.44":[-0.582,1.167,0],"5.52":[-0.249,0.501,0],"5.68":[0,0,0],"7.68":[0,0,0],"7.84":[-0.3,-0.6,0],"7.92":[-0.6,-1.2,0],"8.08":[-0.75,-1.5,0],"10.76":[-0.75,-1.5,0],"10.88":[-0.582,-1.167,0],"10.96":[-0.249,-0.501,0],"11.12":[0,0,0]}},"head":{"rotation":{"0.0":[0,0,0],"0.32":[2.50238,2.49762,0.10912],"2.32":[2.5,2.5,0.11],"2.44":[1.5,3,0.09],"2.56":[-1,4.25,0.03],"2.72":[-2.5,5,0],"5.4":[-2.5,5,0],"5.52":[-1.94,3.89,0],"5.6":[-0.83,1.67,0],"5.76":[0,0,0],"7.76":[0,0,0],"7.92":[-1,-2,0],"8.0":[-2,-4,0],"8.16":[-2.5,-5,0],"10.84":[-2.5,-5,0],"10.96":[-1.94,-3.89,0],"11.04":[-0.83,-1.67,0],"11.2":[0,0,0]}},"rightPupil":{"position":{"0.0":[0,0,0],"0.16":[-0.164,0,0],"0.32":[-0.2,0,0],"2.32":[-0.2,0,0],"2.48":[-0.2,0.124,0],"2.6":[-0.2,0.18,0],"2.72":[-0.2,0.2,0],"5.4":[-0.2,0.2,0],"5.76":[0,0,0],"7.76":[0,0,0],"7.92":[0,0.124,0],"8.04":[0,0.18,0],"8.16":[0,0.2,0],"10.76":[0,0.2,0],"10.92":[0.04,0.04,0],"11.0":[0.02,0.02,0],"11.12":[0,0,0]}},"leftPupil":{"position":{"0.0":[0,0,0],"0.16":[0,0,0],"0.32":[0,0,0],"2.32":[0,0,0],"2.48":[0,0.124,0],"2.6":[0,0.18,0],"2.72":[0,0.2,0],"5.4":[0,0.2,0],"5.76":[0.2,0,0],"7.76":[0.2,0,0],"7.92":[0.2,0.124,0],"8.04":[0.2,0.18,0],"8.16":[0.2,0.2,0],"10.76":[0.2,0.2,0],"10.92":[0.04,0.04,0],"11.0":[0.02,0.02,0],"11.12":[0,0,0]}}}},"animation.hive.pets.baby_enderman.idle_look2":{"loop":true,"animation_length":13.84,"bones":{"head":{"rotation":{"0.0":[0,0,0],"0.12":[0,1,0],"3.28":[0,1,0],"3.4":[0,0,0],"4.52":[0,0,0],"4.68":[-2.5,1.02,0],"5.52":[-2.5,1.02,0],"5.64":[-0.62,0.26,0],"5.76":[-0.24,0.1,0],"5.88":[0,0,0],"9.0":[0,0,0],"9.16":[-2.5,-1.02,0],"12.08":[-2.5,-1.02,0],"12.2":[-0.62,-0.26,0],"12.32":[-0.24,-0.1,0],"12.44":[0,0,0]}},"rightPupil":{"position":{"0.0":[0,0,0],"0.12":[-0.075,0,0],"1.32":[-0.075,0,0],"1.4":[-0.08,0.05,0],"1.96":[-0.08,0.05,0],"2.08":[-0.055,0.05,0],"3.28":[-0.055,0.05,0],"3.4":[-0.025,0.025,0],"4.52":[-0.025,0.025,0],"4.68":[-0.095,0.13,0],"5.52":[-0.095,0.13,0],"5.68":[0.08,0.05,0],"6.8":[0.08,0.05,0],"6.92":[0.055,0.05,0],"7.76":[0.055,0.05,0],"7.88":[0.025,0.025,0],"9.0":[0.025,0.025,0],"9.16":[0.095,0.13,0],"10.52":[0.095,0.13,0],"10.68":[0.065,0.13,0],"12.04":[0.07,0.13,0],"12.2":[0,0,0]}},"leftPupil":{"position":{"0.0":[0,0,0],"0.12":[-0.075,0,0],"1.32":[-0.075,0,0],"1.4":[-0.08,0.05,0],"1.96":[-0.08,0.05,0],"2.08":[-0.055,0.05,0],"3.28":[-0.055,0.05,0],"3.4":[-0.025,0.025,0],"4.52":[-0.025,0.025,0],"4.68":[-0.095,0.13,0],"5.52":[-0.095,0.13,0],"5.68":[0.08,0.05,0],"6.8":[0.08,0.05,0],"6.92":[0.055,0.05,0],"7.76":[0.055,0.05,0],"7.88":[0.025,0.025,0],"9.0":[0.025,0.025,0],"9.16":[0.095,0.13,0],"10.52":[0.095,0.13,0],"10.68":[0.065,0.13,0],"12.04":[0.07,0.13,0],"12.2":[0,0,0]}}}},"animation.hive.pets.baby_enderman.move_forward":{"blend_weight":"math.min(1.0, (query.modified_move_speed * 0.85))","loop":"hold_on_last_frame","bones":{"enderman":{"rotation":[17.5,0,0],"position":[0,0,2]},"rightArm":{"rotation":[34.58897,-5.71617,8.21888],"position":[0,-1,1]},"leftArm":{"rotation":[34.58897,5.71617,-8.21888],"position":[0,-1,1]},"head":{"rotation":[-10,0,0]},"rightEye":{"scale":[1,0.7,1]},"rightPupil":{"position":[0,0.5,0]},"leftEye":{"scale":[1,0.7,1]},"leftPupil":{"position":[0,0.5,0]},"rightLeg":{"rotation":[19.8423,-2.55868,7.05239]},"leftLeg":{"rotation":[19.8423,2.55868,-7.05239]}}},"animation.hive.pets.baby_enderman.idle_blink":{"loop":true,"animation_length":12.16,"bones":{"rightArm":{"position":{"0.0":[0,0,0],"0.08":[0,-0.034,0],"0.2":[0,-0.102,0],"0.24":[0,-0.17,0],"0.36":[0,-0.068,0],"0.52":[0,-0.017,0],"0.76":[0,0,0],"8.0":[0,0,0],"8.12":[0,-0.034,0],"8.28":[0,-0.102,0],"8.32":[0,-0.17,0],"8.48":[0,-0.068,0],"8.68":[0,-0.017,0],"9.0":[0,0,0]}},"leftArm":{"position":{"0.04":[0,0,0],"0.12":[0,-0.034,0],"0.24":[0,-0.102,0],"0.28":[0,-0.17,0],"0.4":[0,-0.068,0],"0.56":[0,-0.017,0],"0.8":[0,0,0],"8.04":[0,0,0],"8.16":[0,-0.034,0],"8.32":[0,-0.102,0],"8.36":[0,-0.17,0],"8.52":[0,-0.068,0],"8.76":[0,-0.017,0],"9.08":[0,0,0]}},"head":{"rotation":{"0.16":[0,0,0],"0.32":[1.5,0,0],"0.56":[0.37,0,0],"0.68":[0.15,0,0],"0.84":[0,0,0],"8.2":[0,0,0],"8.44":[1.5,0,0],"8.76":[0.37,0,0],"8.92":[0.15,0,0],"9.12":[0,0,0]},"position":{"0.0":[0,0,0],"0.08":[0,-0.02,0],"0.2":[0,-0.06,0],"0.24":[0,-0.1,0],"0.36":[0,-0.04,0],"0.52":[0,-0.01,0],"0.76":[0,0,0],"8.0":[0,0,0],"8.12":[0,-0.02,0],"8.28":[0,-0.06,0],"8.32":[0,-0.1,0],"8.48":[0,-0.04,0],"8.68":[0,-0.01,0],"9.0":[0,0,0]}},"rightEye":{"scale":{"0.0":[1,1,1],"0.12":[1,0.925,1],"0.16":[1,0.7,1],"0.24":[1,0.05,1],"0.44":[1,1.025,1],"0.52":[1,1,1],"8.0":[1,1,1],"8.16":[1,0.925,1],"8.2":[1,0.7,1],"8.32":[1,0.05,1],"8.6":[1,1.025,1],"8.68":[1,1,1]}},"leftEye":{"scale":{"0.04":[1,1,1],"0.16":[1,0.925,1],"0.2":[1,0.7,1],"0.28":[1,0.05,1],"0.48":[1,1.025,1],"0.56":[1,1,1],"8.04":[1,1,1],"8.2":[1,0.925,1],"8.28":[1,0.7,1],"8.36":[1,0.05,1],"8.64":[1,1.025,1],"8.76":[1,1,1]}}}},"animation.hive.pets.baby_enderman.wave":{"loop":"hold_on_last_frame","animation_length":4.48,"bones":{"root":{"position":{"0.0":[0,0,0],"0.12":[0,-1,0],"0.28":[0,0.57,0],"0.56":[0,1.49,0],"0.84":[0,1.67,0],"1.16":[0,1.75,0],"3.2":[0,1.75,0],"3.32":[0,1.63,0],"3.44":[0,1.46,0],"3.72":[0,0.49,0],"3.88":[0,0.16,0],"4.04":[0,0.03,0],"4.2":[0,0,0]}},"enderman":{"rotation":{"0.0":[0,0,0],"0.4":[0,0,-2.5],"3.08":[0,0,-2.5],"3.32":[0,0,-1.67],"3.48":[0,0,-0.56],"3.76":[0,0,0]},"position":{"0.0":[0,0,0],"0.12":[-0.09,0,0],"0.48":[-1,0,0],"0.76":[-1.35,0,0],"0.96":[-1.43,0,0],"1.24":[-1.48,0,0],"2.72":[-1.5,0,0],"2.96":[-1.47,0,0],"3.2":[-1.4,0,0],"3.4":[-0.96,0,0],"3.64":[-0.38,0,0],"3.84":[-0.14,0,0],"4.04":[-0.05,0,0],"4.2":[-0.02,0,0],"4.48":[0,0,0]}},"body":{"rotation":{"0.0":[0,0,0],"0.32":[0,0,-5],"0.52":[0,0,-3.25],"0.8":[0,0,-5],"0.96":[0,0,-3.83],"1.12":[0,0,-3.44],"1.44":[0,0,-3.25],"1.8":[0,0,-5],"2.16":[0,0,-3.83],"2.44":[0,0,-3.44],"2.96":[0,0,-3.25],"3.08":[0,0,-3.25],"3.32":[0,0,-2.07],"3.48":[0,0,-0.41],"3.64":[0,0,0]}},"rightArm":{"rotation":{"0.0":[0,0,0],"0.4":[0,20,10],"3.08":[0,20,10],"3.32":[0,12.73,6.36],"3.48":[0,2.55,1.27],"3.64":[0,0,0]},"position":{"0.0":[0,0,0],"0.4":[0,-2,1],"3.08":[0,-2,1],"3.64":[0,0,0]}},"leftArm":{"rotation":{"0.0":[0,0,0],"0.4":[0,0,-150],"0.6":[0,0,-135],"0.8":[0,0,-152.5],"1.04":[0,0,-137.5],"1.28":[0,0,-150],"1.56":[0,0,-135],"1.8":[0,0,-152.5],"2.28":[0,0,-137.5],"3.08":[0,0,-140],"3.32":[0,0,-89.09],"3.48":[0,0,-17.82],"3.64":[0,0,0]},"position":{"0.0":[0,0,0],"0.4":[1,-1,0],"1.28":[1,-1,0],"3.08":[1,-1,0],"3.64":[0,0,0]}},"head":{"rotation":{"0.0":[0,0,0],"0.08":[2.8125,0,0],"0.2":[3.75,0,0],"0.4":[0,0,-9.375],"0.6":[0,0,-6.375],"0.88":[0,0,-10.5],"1.16":[0,0,-8.4375],"1.28":[0,0,-9.375],"1.56":[0,0,-6.375],"1.96":[0,0,-10.5],"2.52":[0,0,-8.4375],"3.08":[0,0,-8.44],"3.56":[0,0,-2.11],"3.8":[0,0,-0.65],"4.04":[0,0,0]},"position":{"0.0":[0,0,0],"0.08":[0,-0.37,0],"0.2":[0,-0.5,0],"0.4":[-0.25,0,0],"1.28":[-0.25,0,0],"3.08":[-0.25,0,0],"3.56":[-0.06,-0.2,0],