{"format_version":"1.8.0","animations":{"animation.hive.murder.castle.small.armory.door.open":{"loop":"hold_on_last_frame","animation_length":4.4,"bones":{"doorSwing":{"rotation":{"1.4":[0,0,0],"1.6":[0,-0.85,0],"1.68":[0,-1.27,0],"1.76":[0,-1.91,0],"1.88":[0,-3.34,0],"2.04":[0,-6.67,0],"2.28":[0,-16.255,0],"3.44":[0,-85,0],"3.76":[0,-83.33,0],"4.0":[0,-82.78,0],"4.2":[0,-82.6,0],"4.4":[0,-82.5,0]}},"lock":{"rotation":{"2.32":[0,0,0],"3.4":[-17.5,0,0],"3.6":[7.5,0,0],"3.96":[-2.5,0,0],"4.36":[0,0,0]},"scale":{"0.0":[1,1,1],"0.08":[0.8275,0.815,1],"0.16":[1.3275,0.98,1],"0.24":[1,1,1]}},"body":{"rotation":{"0.08":[0,0,0],"0.24":[0,0,-77.5],"0.36":[0,0,-37.5],"0.48":[0,0,-52.5],"0.64":[0,0,-45],"0.72":[0,0,-46.25],"0.84":[0,0,-47],"1.0":[0,0,-47.5]}},"shake":{"rotation":{"0.88":[0,0,0],"1.0":[0,-0.22744,0],"1.08":[0,0,0],"1.16":[0,-0.30704,0],"1.24":[0,0,0],"1.32":[0,-0.7676,0],"1.4":[0,0,0],"1.48":[0,-1.18092,0],"1.56":[0,0,0],"1.64":[0,-1.59425,0],"1.72":[0,0,0],"1.8":[0,-1.59425,0],"1.88":[0,0,0],"1.96":[0,-1.59425,0],"2.04":[0,0,0],"2.12":[0,-1.59425,0],"2.2":[0,0,0],"2.28":[0,-1.35511,0],"2.36":[0,0,0],"2.44":[0,-1.01633,0],"2.52":[0,0,0],"2.6":[0,-1.01633,0],"2.68":[0,0,0],"2.76":[0,-0.55898,0],"2.84":[0,0,0],"2.92":[0,-0.41924,0],"3.0":[0,0,0],"3.08":[0,-0.16769,0],"3.16":[0,0,0],"3.24":[0,-0.16769,0],"3.32":[0,0,0]}}}},"animation.hive.murder.castle.small.armory.door.open.hold":{"loop":true,"bones":{"doorSwing":{"rotation":[0,-82.5,0]},"body":{"rotation":[0,0,-47.5]}}}}}