{"format_version":"1.8.0","animations":{"animation.hive.hats.blob_fish.off_ground_wait":{"loop":"hold_on_last_frame","animation_length":0.22},"animation.hive.hats.blob_fish.idle":{"loop":true,"bones":{"fishbody":{"scale":["1 + (math.sin(query.anim_time * 200) * 0.01 + 0.01)","1 + (math.cos(query.anim_time * 200) * 0.02 + 0.02)","1 + (math.sin(query.anim_time * 200) * 0.01 + 0.01)"]},"LeftFan":{"rotation":["((math.cos((query.anim_time + 1.3) * 200) * 0.5))","((math.cos((query.anim_time + 1.3) * 50) * 5))",0]},"RightFan":{"rotation":["((math.cos((query.anim_time + 1.3) * 200) * 0.5))","-((math.cos((query.anim_time + 1.3) * 50) * 5))",0]}}},"animation.hive.hats.blob_fish.idle_blink":{"loop":true,"animation_length":8,"bones":{"fishbody":{"scale":{"0.0":[1,1,1],"0.12":[1.006,0.982,1],"0.16":[1.0075,0.9775,1],"0.32":[1.00033,1.00262,1],"0.4":[1,1.0041,1],"0.52":[1,0.99795,1],"0.72":[1,1,1]}},"LeftEye":{"scale":{"0.0":[1,1,1],"0.08":[1,0.5,1],"0.16":[1.3,0.3,1],"0.28":[1,1.05,1],"0.44":[1,1,1]}},"RightEye":{"scale":{"0.08":[1,1,1],"0.16":[1,0.5,1],"0.2":[1.3,0.3,1],"0.36":[1,1.05,1],"0.48":[1,1,1]}},"LeftFan":{"rotation":{"0.04":[0,0,0],"0.16":[-2.06,0,0],"0.24":[-2.75,0,0],"0.36":[-0.69,0,0],"0.48":[0,0,0]}},"RightFan":{"rotation":{"0.04":[0,0,0],"0.16":[-2.06,0,0],"0.24":[-2.75,0,0],"0.36":[-0.69,0,0],"0.48":[0,0,0]}},"Mouth":{"scale":{"0.0":[1,1,1],"0.08":[1,0.9635,1],"0.2":[1,0.8175,1],"0.32":[1,0.927,1],"0.44":[1,1,1]}}}},"animation.hive.hats.blob_fish.bounce":{"loop":"hold_on_last_frame","animation_length":0.68,"bones":{"fishbody":{"scale":{"0.0":[1,1,1],"0.04":[1.1025,0.7,1.03],"0.08":[1.13,0.8208,1.025],"0.12":[1.0167,0.9819,1.0183],"0.16":[0.96,1.0625,1.015],"0.24":[0.97,1.0469,1.0112],"0.32":[1.0175,0.965,1.005],"0.48":[1,1,1]}},"LeftEye":{"scale":{"0.0":[1,1,1],"0.04":[1.9,0.6,1],"0.08":[1.9,0.6,1],"0.24":[1,1,1]}},"RightEye":{"scale":{"0.0":[1,1,1],"0.04":[1.9,0.6,1],"0.08":[1.9,0.6,1],"0.24":[1,1,1]}},"LeftFan":{"rotation":{"0.0":[0,0,0],"0.08":[-27.5,0,0],"0.16":[-8.8,0.13,-22.05],"0.24":[-6.72,0.14,-24.5],"0.36":[-2.75,0,0],"0.48":[1.75,0,0],"0.64":[0,0,0]}},"RightFan":{"rotation":{"0.0":[0,0,0],"0.08":[-27.5,0,0],"0.16":[-8.8,-0.13,22.05],"0.24":[-6.72,-0.14,24.5],"0.36":[-2.75,0,0],"0.48":[1.75,0,0],"0.64":[0,0,0]}},"tail":{"rotation":{"0.04":[0,0,0],"0.12":[-25,0,0],"0.2":[-4,0,0],"0.28":[3,0,0],"0.4":[-2.5,0,0],"0.52":[1.5,0,0],"0.68":[0,0,0]},"position":{"0.04":[0,0,0],"0.12":[0,-1,0],"0.2":[0,0,0]},"scale":{"0.04":[1,1,1],"0.12":[1,1.4,1],"0.2":[1,1,1]}},"Mouth":{"scale":{"0.0":[1,1,1],"0.04":[1.075,0.6,1],"0.08":[0.85,0.6,1],"0.24":[1,1,1]}},"Nose":{"rotation":{"0.0":[0,0,0],"0.08":[25,0,0],"0.16":[4,0,0],"0.24":[-3,0,0],"0.36":[2.5,0,0],"0.48":[-1.5,0,0],"0.64":[0,0,0]},"position":{"0.0":[0,0,0],"0.08":[0,-1,0],"0.16":[0,0,0]},"scale":{"0.0":[1,1,1],"0.08":[1,1.4,1],"0.16":[1,1,1]}}}}}}