{"format_version":"1.8.0","animations":{"animation.hive.hats.cubee_cap":{"loop":true,"animation_length":0.24,"bones":{"rightAntenna":{"rotation":{"0.0":[0,0,0],"0.08":[-4.04,0,0],"0.24":[0,0,0]}},"leftAntenna":{"rotation":{"0.0":[0,0,0],"0.08":[-4.04,0,0],"0.24":[0,0,0]}},"rightWing":{"rotation":{"0.0":[-98.27166,16.25522,132.91249],"0.08":[-75.64107,21.23214,52.80607],"0.24":[-98.27166,16.25522,132.91249]}},"leftWing":{"rotation":{"0.0":[-98.27166,-16.25522,-132.91249],"0.08":[-75.64107,-21.23214,-52.80607],"0.24":[-98.27166,-16.25522,-132.91249]}}}}}}