{"format_version":"1.10.0","animations":{"animation.hive.sky.chompy.attachable.hold.first":{"loop":"hold_on_last_frame","bones":{"mass":{"rotation":[-20,50,-132.5],"position":[-11,23,-9],"scale":0.3}}},"animation.hive.sky.chompy.attachable.hold.third":{"loop":"hold_on_last_frame","bones":{"mass":{"position":[0,16,-8],"scale":0.6}}},"animation.hive.sky.chompy.attachable.face.idle.loop":{"loop":true,"animation_length":3,"bones":{"mass":{"rotation":{"0.0":[0,0,0],"0.08":[0.00818,-0.37491,-0.37509],"0.16":[0.003,-0.186,-0.189],"0.88":[0.003,-0.186,-0.189],"0.96":[0.01335,0.33875,0.33619],"1.04":[0.012,0.207,0.207],"1.44":[0.012,0.207,0.207],"1.52":[0.30839,0.20718,-0.09302],"1.6":[0.159,0.207,0.057],"2.28":[0.159,0.207,0.057],"2.36":[0.00196,-0.14999,-0.22501],"2.44":[0,0,0]}},"shark_head":{"rotation":{"0.0":[0,0,0],"0.08":[0.02727,-1.2497,-1.2503],"0.16":[0.01,-0.62,-0.63],"0.88":[0.01,-0.62,-0.63],"0.96":[0.04451,1.12917,1.12065],"1.04":[0.04,0.69,0.69],"1.44":[0.04,0.69,0.69],"1.52":[1.02795,0.69059,-0.31007],"1.6":[0.53,0.69,0.19],"2.28":[0.53,0.69,0.19],"2.36":[0.00654,-0.49996,-0.75003],"2.44":[0,0,0]}},"shark_Jaw":{"rotation":["math.cos(query.anim_time * 240) * 1",0,0]},"shark_LeftFin":{"rotation":[0,0,"((math.cos((query.anim_time + 2.7) * 240) * 1))"]},"shark_RightFin":{"rotation":[0,0,"-((math.cos((query.anim_time + 2.7) * 240) * 1))"]},"eyebrows":{"position":{"0.0":[0,0,0],"0.08":[0,0.15,0],"0.16":[0,0.1,0],"0.24":[0,0.13,0],"0.88":[0,0.13,0],"0.96":[0,0,0],"1.44":[0,0,0],"1.52":[0,0.15,0],"1.6":[0,0.1,0],"1.68":[0,0.13,0],"2.28":[0,0.13,0],"2.36":[0,0,0]}}}},"animation.hive.sky.chompy.attachable.face.blink.loop":{"loop":true,"animation_length":4.56,"bones":{"mass":{"rotation":{"0.2":[0,0,0],"0.4":[1.5,0,0],"0.64":[-0.75,0,0],"0.8":[-0.25,0,0],"1.0":[0,0,0]},"position":{"0.2":[0,0,0],"0.32":[0,0.2,0],"0.56":[0,0.05,0],"0.8":[0,0.01,0],"1.0":[0,0,0]}},"shark_head":{"scale":{"0.2":[1,1,1],"0.28":[1,0.9888,1],"0.36":[1,0.955,1],"0.52":[1,1.005,1],"0.68":[1,1,1]}},"shark_Jaw":{"rotation":{"0.2":[0,0,0],"0.28":[-2,0,0],"0.36":[-7,0,0],"0.52":[2,0,0],"0.68":[-1,0,0],"0.88":[0,0,0]}},"shark_LeftFin":{"rotation":{"0.2":[0,0,0],"0.36":[0,0,-4.25],"0.56":[0,0,2.5],"0.76":[0,0,0.71],"0.88":[0,0,0.28],"1.04":[0,0,0]}},"eyebrows":{"position":{"0.2":[0,0,0],"0.24":[0,-0.15,0],"0.32":[0,-1,0],"0.36":[0,-0.9,0],"0.44":[0,-0.35,0],"0.52":[0,0,0],"0.6":[0,-0.075,0],"0.72":[0,0,0]}}}},"animation.hive.sky.chompy.entity.pitch.loop":{"loop":true,"bones":{"mass":{"rotation":["query.property(\u0027hive:chompy_pitch\u0027)",0,0]}}},"animation.hive.sky.chompy.entity.spawn":{"loop":"hold_on_last_frame","animation_length":0.72,"bones":{"mass":{"scale":{"0.08":[0,0,0],"0.2":[0.6,0.6,0.6],"0.32":[0.8667,0.8667,0.8667],"0.44":[0.9556,0.9556,0.9556],"0.52":[0.9852,0.9852,0.9852],"0.6":[0.9951,0.9951,0.9951],"0.72":[1,1,1]}}}},"animation.hive.sky.chompy.entity.flying.loop":{"loop":true,"bones":{"root":{"rotation":[0,"((math.cos((query.anim_time + 4.1) * 2160) * 1.5))",0],"position":["math.cos(query.anim_time * 80) * 1",0,0]},"mass":{"scale":[1,1,1.1]},"shark_Jaw":{"rotation":[62.5,0,0]},"shark_LeftFin":{"rotation":[0,-42.5,0]},"shark_RightFin":{"rotation":[0,42.5,0]},"shark_tail":{"rotation":[0,"math.cos(query.anim_time * 2160) * 4",0]}}},"animation.hive.sky.chompy.entity.destroy.chomp.loop":{"loop":true,"animation_length":0.56,"bones":{"mass":{"rotation":{"0.0":[5,0,0],"0.08":[0.25,0,0],"0.24":[-2,0,0],"0.56":[5,0,0]},"position":{"0.0":[0,0,0],"0.08":[0,-1.955,0],"0.24":[0,0.646,0],"0.44":[0,1.938,0],"0.56":[0,0,0]}},"shark_Jaw":{"rotation":{"0.04":[40,0,0],"0.08":[40,0,0],"0.16":[-12.5,0,0],"0.28":[-15,0,0],"0.56":[40,0,0]}},"shark_LeftFin":{"rotation":{"0.0":[0,0,-17.5],"0.2":[0,0,12.5],"0.56":[0,0,-17.5]}},"shark_RightFin":{"rotation":{"0.0":[0,0,17.5],"0.2":[0,0,-12.5],"0.56":[0,0,17.5]}},"shark_tail":{"rotation":{"0.0":[5,0,0],"0.16":[0.25,0,0],"0.32":[-2,0,0],"0.56":[5,0,0]}}}}}}