{"format_version":"1.8.0","animations":{"animation.hive.bed.item_merchant.idle":{"loop":true,"bones":{"waist":{"position":[0,"math.cos(query.anim_time * 200) * 0.15 - 0.15",0]},"head":{"rotation":["-((math.cos((query.anim_time + 0.57) * 200) * 0.6))",0,0],"position":[0,"((math.cos((query.anim_time + 0.47) * 200) * 0.05))",0]},"rightArm":{"rotation":[0,0,"-((math.cos((query.anim_time + 0.77) * 200) * 0.5)) + 0.5"],"position":[0,"((math.cos((query.anim_time + 0.57) * 200) * 0.035))",0]},"leftArm":{"rotation":[0,0,"((math.cos((query.anim_time + 0.77) * 200) * 0.5)) - 0.5"],"position":[0,"((math.cos((query.anim_time + 0.57) * 200) * 0.035))",0]},"backpack":{"rotation":["-((math.cos((query.anim_time + 0.37) * 200) * 0.3))",0,0]}}},"animation.hive.bed.item_merchant.idle_head":{"loop":true,"animation_length":10,"bones":{"waist":{"rotation":{"0.04":[0,0,0],"0.2":[0.192,0.375,-0.0225],"0.32":[0.11152,0.52402,-0.03209],"2.24":[0.111,0.5235,-0.0315],"2.32":[0.222,0.369,-0.0945],"2.44":[0.10816,0.21317,-0.15884],"3.24":[0.108,0.213,-0.159],"3.36":[0.1485,-0.156,-0.096],"3.48":[-0.0465,-0.432,-0.048],"3.56":[-0.11152,-0.52402,-0.03209],"5.68":[-0.111,-0.5235,-0.0315],"5.8":[0.0465,-0.411,-0.0435],"5.92":[-0.03506,-0.33694,-0.05027],"7.2":[-0.0345,-0.3375,-0.051],"7.32":[-0.015,-0.144,-0.0225],"7.48":[0,0,0]}},"head":{"rotation":{"0.0":[0,0,0],"0.16":[1.28,2.5,-0.15],"0.28":[0.74348,3.49346,-0.21394],"2.2":[0.74,3.49,-0.21],"2.28":[1.48,2.46,-0.63],"2.4":[0.72108,1.42112,-1.05897],"3.2":[0.72,1.42,-1.06],"3.32":[0.99,-1.04,-0.64],"3.44":[-0.31,-2.88,-0.32],"3.52":[-0.74348,-3.49346,-0.21394],"5.64":[-0.74,-3.49,-0.21],"5.76":[0.31,-2.74,-0.29],"5.88":[-0.23374,-2.24626,-0.3351],"7.16":[-0.23,-2.25,-0.34],"7.28":[-0.1,-0.96,-0.15],"7.44":[0,0,0]}},"nose":{"rotation":{"0.0":[0,0,0],"0.12":[0,0,-1.5],"0.4":[0,0,0.43],"0.68":[0,0,0],"2.2":[0,0,0],"2.32":[0,0,1.5],"2.6":[0,0,-0.43],"2.88":[0,0,0],"3.2":[0,0,0],"3.28":[0,0,1.665],"3.56":[0,0,-0.4773],"3.84":[0,0,0],"7.12":[0,0,0],"7.36":[0,0,-1.5],"7.64":[0,0,0.43],"7.92":[0,0,0]}},"eyebrow":{"rotation":{"0.0":[0,0,0],"0.28":[0,0,0.58],"0.48":[0,0,0.75],"1.28":[0,0,0.75],"1.36":[0,0,1.42],"1.48":[0,0,1.67],"1.56":[0,0,1.75],"2.2":[0,0,1.75],"2.28":[0,0,1.4],"2.36":[0,0,0.47],"2.44":[0,0,0],"3.2":[0,0,0],"3.44":[0,0,-0.86],"3.6":[0,0,-1],"5.64":[0,0,-1],"5.84":[0,0,-0.3],"6.04":[0,0,0],"7.12":[0,0,0],"7.36":[0,0,0],"7.52":[0,0,0],"7.64":[0,0,0]},"position":{"0.0":[0,0,0],"0.2":[0,-0.725,0],"0.28":[0,-0.66,0],"0.48":[0,-0.595,0],"1.28":[0,-0.59,0],"1.36":[0,-0.54,0],"1.48":[0,-0.52,0],"1.56":[0,-0.515,0],"2.2":[0,-0.51,0],"2.28":[0,-0.62,0],"2.36":[0,-0.97,0],"2.44":[0,-1.145,0],"2.52":[0,-1.11,0],"2.68":[0,-1.07,0],"3.2":[0,-1.07,0],"3.32":[0,-1.17,0],"3.44":[0,-0.96,0],"3.6":[0,-0.895,0],"5.64":[0,-0.89,0],"5.84":[0,-1.02,0],"6.04":[0,-1.07,0],"7.12":[0,-1.07,0],"7.24":[0,-1.22,0],"7.36":[0,-0.49,0],"7.52":[0,-0.1,0],"7.64":[0,0.05,0],"7.72":[0,0.02,0],"7.84":[0,0,0]}},"rightArm":{"rotation":{"0.08":[0,0,0],"0.24":[0.63072,1.23187,-0.07391],"0.36":[0.36635,1.7214,-0.10542],"2.28":[0.36464,1.7197,-0.10348],"2.36":[0.72927,1.21217,-0.31043],"2.48":[0.35531,0.70026,-0.52181],"3.28":[0.35478,0.6997,-0.52231],"3.4":[0.48782,-0.51246,-0.31536],"3.52":[-0.15275,-1.41912,-0.15768],"3.6":[-0.36635,-1.7214,-0.10542],"5.72":[-0.36463,-1.7197,-0.10348],"5.84":[0.15275,-1.35013,-0.1429],"5.96":[-0.11518,-1.10684,-0.16512],"7.24":[-0.11333,-1.10869,-0.16753],"7.36":[-0.04927,-0.47304,-0.07391],"7.52":[0,0,0]}},"leftArm":{"rotation":{"0.08":[0,0,0],"0.24":[0.63072,-1.23187,0.07391],"0.36":[0.36635,-1.7214,0.10542],"2.28":[0.36464,-1.7197,0.10348],"2.36":[0.72927,-1.21216,0.31043],"2.48":[0.35531,-0.70026,0.52181],"3.28":[0.35478,-0.6997,0.52232],"3.4":[0.48782,0.51246,0.31536],"3.52":[-0.15275,1.41912,0.15768],"3.6":[-0.36635,1.7214,0.10542],"5.72":[-0.36463,1.7197,0.10348],"5.84":[0.15275,1.35014,0.1429],"5.96":[-0.11518,1.10684,0.16512],"7.24":[-0.11333,1.10869,0.16754],"7.36":[-0.04927,0.47304,0.07391],"7.52":[0,0,0]}}}},"animation.hive.bed.item_merchant.purchase":{"loop":"hold_on_last_frame","animation_length":3.48,"bones":{"root":{"position":{"0.16":[0,0,0],"0.24":[0,0.49,0],"0.32":[0,0.6,0],"0.4":[0,0.65,0],"0.48":[0,0.49,0],"0.52":[0,0,0]}},"waist":{"rotation":{"0.0":[0,0,0],"0.16":[-6,0,0],"0.48":[-6,0,0],"0.56":[-3,0,0],"0.68":[0,0,0],"0.8":[-1,0,0],"0.96":[-0.2,0,0],"1.12":[-0.5,0,0],"1.36":[0,0,0]},"position":{"0.0":[0,0,0],"0.08":[0,-0.775,0],"0.16":[0,0,0],"0.48":[0,0,0],"0.56":[0,-0.3,0],"0.72":[0,0.05,0],"0.88":[0,0,0]}},"head":{"rotation":{"0.0":[0,0,0],"0.08":[7.5,0,0],"0.16":[15,0,0],"0.28":[3.75,0,0],"0.52":[0.94,0,0],"0.64":["-math.cos(query.anim_time * 800) * 3",0,0],"1.56":["-math.cos(query.anim_time * 800) * 1",0,0],"2.12":[0,0,0],"2.36":[0,0,0],"2.64":[1.75,0,0],"2.88":[0.5,0,0],"3.04":[0,0,0]},"position":{"0.0":[0,0,0],"0.52":[0,0,0],"0.64":[0,-0.2,0],"0.84":[0,0.1,0],"1.0":[0,0,0]}},"nose":{"rotation":{"0.0":[0,0,0],"0.08":[-5,0,0],"0.16":[-2.5,0,0],"0.28":[2.5,0,0],"0.68":[0,0,0]}},"eyebrow":{"position":{"0.0":[0,0,0],"0.08":[0,-1.05,0],"0.28":[0,1,0],"0.52":[0,1.325,0],"0.76":[0,0.905,0],"0.92":[0,1.135,0],"1.12":[0,1.02,0],"2.36":[0,1.02,0],"2.52":[0,0.73,0],"2.64":[0,0.18,0],"2.72":[0,0.06,0],"2.84":[0,0,0]}},"rightArm":{"rotation":{"0.0":[0,0,0],"0.08":[-1.25,0,0],"0.24":[-6.245,1.81,3.585],"0.56":[-6.24822,3.08973,4.39851],"0.64":[-1.87,0.93,1.32],"0.76":[-0.47,0.23,0.33],"0.84":[0,0,0]},"position":[0,0,0]},"leftArm":{"rotation":{"0.0":[0,0,0],"0.08":[-1.25,0,0],"0.24":[-6.245,-1.81,-3.585],"0.56":[-6.24822,-3.08973,-4.39851],"0.64":[-1.87,-0.93,-1.32],"0.76":[-0.47,-0.23,-0.33],"0.84":[0,0,0]},"position":[0,0,0]},"backpack":{"rotation":{"0.0":[0,0,0],"0.12":[2.5,0,0],"0.28":[-0.83,0,0],"0.48":[-2.5,0,0],"0.72":[1,0,0],"1.04":[-1.5,0,0],"1.28":[-0.6,0,0],"1.48":[-0.17,0,0],"1.68":[0,0,0]}}}}}}